Time,Distance
0.25,33.862172203404405
0.5,25.56740076182814
0.75,30.748269003005483
1,20.53494315945756
1.25,22.24757453594579
1.5,37.915473326848414
1.75,34.721345635796865
2,25.31102046297709
2.25,29.022912627997872
2.5,39.23565576556754
2.75,28.282161040822935
3,36.95798246128393